Athlete,Name_encoded
rebeca andrade,317
shilese jones,343
jade carey,163
martina maggio,269
jessica gadirova,170
ou yushan,305
alice d’amato,13
miyata shoko,279
naomi visser,285
flavia saraiva,136
ellie black,114
jordan chiles,173
mélanie de jesus dos santos,282
alice kinsella,14
ondine achampong,304
georgia godwin,145
tang xijing,356
carolann heduit,79
yamada chiharu,384
lisa vaelen,230
tisha volleman,367
aline friess,17
ana barbosu,26
laura casabuena,210
lee yunseo,216
manila esposito,256
eythora thorsdottir,130
romi brown,321
maisa kuusikko,250
maellyse brassart,245
karina schönmaier,185
natalia escalera,286
anna-lena könig,40
carolyne pedro,80
camille rasmussen,76
lucija hribar,237
ada hautala,1
greta mayer,150
ahtziri sandoval,7
jutta verkest,181
lihie raz,224
nathalie westlund,287
rocio saucedo,320
selina kickinger,338
aneta holasova,33
jasmin mader,167
caitlin rooskrantz,72
kaia tanskanen,182
tonya paulsson,369
ting hua-tien,366
eom dohyun,126
zeina ibrahim,393
nikolett szilagyi,294
emma fernandez,121
maria tronrud,262
zala trtnik,391
csenge bacskay,97
andreea preda,31
mai liu hsiang-han,248
jana abdelsalam,164
naveen daries,288
yuliia kasianenko,390
halle hilton,154
charlize mörz,85
rifda irfanaluthfi,319
bengisu yildiz,61
anina wildi,37
celeste mordenti,83
meline mesropian,270
juliane tøssebro,178
sevgi kayisoglu,340
valeriia osipova,373
emma slevin,123
paula raya,308
ofir netzer,300
alais perea,9
aida bauyrzhanova,8
olivia kelly,301
mariana parente,264
alva eriksson,19
thelma adalsteinsdottir,361
nadine joy nathan,283
ana karina mendez,28
lee dayeong,215
lai pin-ju,206
reece cobb,318
sani mäkelä,329
keira rolston-larking,195
milca leon,276
jana aboelhasan,165
marharyta kozlovska,259
klara peterkova,200
karla navas,187
nicole diaz,291
franchesca santi,137
tatiana bachurina,358
sasiwimon mueangphuan,337
petra furac,311
hildur gudmundsdottir,157
elvira katsali,115
annalise newman-achee,42
lahna salem,205
freja petersen,139
ominakhon khalilova,303
fatma zohra boukhatem,132
franciny morales,138
korkem yerbossynkyzy,203
tara vella clark,357
sakaguchi ayaka,326
wei xiaoyuan,379
georgia-mae fenton,146
skye blakely,348
marine boyer,266
laurie denommée,212
yeo seojeong,386
watanabe hazuki,378
sydney turner,354
zhang jin,394
emma spence,124
emma malewski,122
denelle pedrick,100
cassandra loustalot,81
georgia-rose brown,147
sira macias,347
breanna scott,67
lea marie quaas,213
eve de ruiter,128
leila martinez,217
paulina campos,309
nika kukuljan frleta,293
selma halvorsen,339
areti pagoni,48
milana minakovskaya,275
samira gahramanova,327
ella borg,112
elisabeth seitz,111
nina derwael,295
fukasawa kokoro,140
zsofia kovacs,404
veronica mandriota,376
giorgia villa,149
julia soares,177
lorrane oliveira,234
luo rui,241
yléa tollet,388
cinthia ruiz,95
kate mcdonald,188
laia masferrer,208
emelie westlund,116
malva lundqvist wingren,255
brisa carraro,68
mari kanter,260
maia llacer,249
huang yi-qin,159
alissa mörz,18
lucie trnkova,236
diana savelieva,102
wu sing-fen,381
antonia marihuan,46
sanna veerman,330
coline devillard,96
leanne wong,214
zoja szekely,403
nancy taman,284
jennifer gadirova,168
pranati nayak,312
shin solyi,344
yelizaveta hubareva,385
berta schwaninger,62
teja belak,359
mali neurauter,253
protistha samanta,313
angel wong hiu ying,34
charlie chan cheuk lam,84
dildora aripova,104
konstantina maragkou,202
milka gehani,277
rebeca andrade,317
shilese jones,343
jade carey,163
martina maggio,269
jessica gadirova,170
ou yushan,305
alice d’amato,13
miyata shoko,279
naomi visser,285
flavia saraiva,136
ellie black,114
jordan chiles,173
mélanie de jesus dos santos,282
alice kinsella,14
ondine achampong,304
georgia godwin,145
tang xijing,356
carolann heduit,79
yamada chiharu,384
lisa vaelen,230
tisha volleman,367
aline friess,17
ana barbosu,26
laura casabuena,210
lee yunseo,216
manila esposito,256
eythora thorsdottir,130
romi brown,321
maisa kuusikko,250
maellyse brassart,245
karina schönmaier,185
natalia escalera,286
anna-lena könig,40
carolyne pedro,80
camille rasmussen,76
lucija hribar,237
ada hautala,1
greta mayer,150
ahtziri sandoval,7
jutta verkest,181
lihie raz,224
nathalie westlund,287
rocio saucedo,320
selina kickinger,338
aneta holasova,33
jasmin mader,167
caitlin rooskrantz,72
kaia tanskanen,182
tonya paulsson,369
ting hua-tien,366
eom dohyun,126
zeina ibrahim,393
nikolett szilagyi,294
emma fernandez,121
maria tronrud,262
zala trtnik,391
csenge bacskay,97
andreea preda,31
mai liu hsiang-han,248
jana abdelsalam,164
naveen daries,288
yuliia kasianenko,390
halle hilton,154
charlize mörz,85
rifda irfanaluthfi,319
bengisu yildiz,61
anina wildi,37
celeste mordenti,83
meline mesropian,270
juliane tøssebro,178
sevgi kayisoglu,340
valeriia osipova,373
emma slevin,123
paula raya,308
ofir netzer,300
alais perea,9
aida bauyrzhanova,8
olivia kelly,301
mariana parente,264
alva eriksson,19
thelma adalsteinsdottir,361
nadine joy nathan,283
ana karina mendez,28
lee dayeong,215
lai pin-ju,206
reece cobb,318
sani mäkelä,329
keira rolston-larking,195
milca leon,276
jana aboelhasan,165
marharyta kozlovska,259
klara peterkova,200
karla navas,187
nicole diaz,291
franchesca santi,137
tatiana bachurina,358
sasiwimon mueangphuan,337
petra furac,311
hildur gudmundsdottir,157
elvira katsali,115
annalise newman-achee,42
lahna salem,205
freja petersen,139
ominakhon khalilova,303
fatma zohra boukhatem,132
franciny morales,138
korkem yerbossynkyzy,203
tara vella clark,357
sakaguchi ayaka,326
wei xiaoyuan,379
georgia-mae fenton,146
skye blakely,348
marine boyer,266
laurie denommée,212
yeo seojeong,386
watanabe hazuki,378
sydney turner,354
zhang jin,394
emma spence,124
emma malewski,122
denelle pedrick,100
cassandra loustalot,81
georgia-rose brown,147
sira macias,347
breanna scott,67
lea marie quaas,213
eve de ruiter,128
leila martinez,217
paulina campos,309
nika kukuljan frleta,293
selma halvorsen,339
areti pagoni,48
milana minakovskaya,275
samira gahramanova,327
ella borg,112
elisabeth seitz,111
nina derwael,295
fukasawa kokoro,140
zsofia kovacs,404
veronica mandriota,376
giorgia villa,149
julia soares,177
lorrane oliveira,234
luo rui,241
yléa tollet,388
cinthia ruiz,95
kate mcdonald,188
laia masferrer,208
emelie westlund,116
malva lundqvist wingren,255
brisa carraro,68
mari kanter,260
maia llacer,249
huang yi-qin,159
alissa mörz,18
lucie trnkova,236
diana savelieva,102
wu sing-fen,381
antonia marihuan,46
sanna veerman,330
coline devillard,96
leanne wong,214
zoja szekely,403
nancy taman,284
jennifer gadirova,168
pranati nayak,312
shin solyi,344
yelizaveta hubareva,385
berta schwaninger,62
teja belak,359
mali neurauter,253
protistha samanta,313
angel wong hiu ying,34
charlie chan cheuk lam,84
dildora aripova,104
konstantina maragkou,202
milka gehani,277
konnor mcclain,201
skye blakely,348
emjae frazier,120
ashlee sullivan,53
katelyn jong,190
nola matthews,297
karis german,186
levi jung-ruivivar,220
sydney barros,353
elle mueller,113
addison fatta,2
brooke pierson,69
katelyn rosen,191
zoe miller,402
lexi zeiss,221
ciena alipio,94
marissa neal,267
charlotte booth,86
paityn walker,306
skylar draser,349
joscelyn roberson,175
amelia disidore,23
lauren little,211
camryn richardson,77
adriana consoli,5
kaylen morgan,193
tang xijing,356
ou yushan,305
he licheng,156
xiang lulu,382
wei xiaoyuan,379
zhang xinyi,398
qiu qiyuan,314
zhang jin,394
zhang qingying,395
yue yue,389
zuo tong,405
zhao jiayi,399
zhang wanning,397
chen shutong,87
jia ruoyi,171
wu sihan,380
zhou yuying,401
liu sibei,231
zhang shiyi,396
tian zhuofan,362
lin haibin,228
wang hao,377
bi qingqing,63
asia d’amato,54
alice kinsella,14
martina maggio,269
carolann heduit,79
lisa vaelen,230
naomi visser,285
ana barbosu,26
kim bui,198
zsofia kovacs,404
jessica gadirova,170
maisa kuusikko,250
alba petisco,10
ondine achampong,304
emma malewski,122
aline friess,17
vera van pol,375
sarah voss,336
tisha volleman,367
lihie raz,224
nathalie westlund,287
greta mayer,150
andreea preda,31
camille rasmussen,76
sani mäkelä,329
morgane osyssek,280
laura casabuena,210
selina kickinger,338
emma fernandez,121
maria tronrud,262
valeriia osipova,373
tonya paulsson,369
yuliia kasianenko,390
kaia tanskanen,182
jasmin mader,167
lucija hribar,237
mirtill makovits,278
yelizaveta hubareva,385
halle hilton,154
carina kröll,78
aneta holasova,33
zala trtnik,391
thelma adalsteinsdottir,361
klara peterkova,200
dominika ponizilova,105
antonia duta,45
juliane tøssebro,178
ada hautala,1
emma slevin,123
alva eriksson,19
mariana parente,264
silviana sfiringu,345
julie madsø,180
valentina georgieva,372
sevgi kayisoglu,340
emilia kulczynska,117
ofir netzer,300
anina wildi,37
freja petersen,139
bengisu yildiz,61
elvira katsali,115
tatiana bachurina,358
tara vella clark,357
hildur gudmundsdottir,157
petra furac,311
brygida urbanska,70
celeste mordenti,83
nika kukuljan frleta,293
lilli habisreutinger,227
sara sulekic,334
sara surmanova,335
bilge tarhan,65
lia sobral,222
mafalda costa,246
ula bikinaite,371
areti pagoni,48
ella borg,112
radoslava kalamarova,315
alice d’amato,13
agnes suto,6
milana minakovskaya,275
arina olenova,51
ani gobadze,36
joana de freitas,172
anastasija ananjeva,30
angela andreoli,35
noémie louon,299
marine boyer,266
samira gahramanova,327
jutta verkest,181
maellyse brassart,245
göksu üctas sanli,153
lorena medina,232
chiara giubellini,88
anna locmele,39
christina kiosi,92
charlize mörz,85
lucie trnkova,236
blathnaid higgins,66
mali neurauter,253
elena usakova,108
emelie westlund,116
maria mendes,261
noga shalit,296
josephine sørensen,176
konstantina maragkou,202
stefanie siegenthaler,352
sara king,332
kate molloy,189
geffen dor,144
camille normann,75
giorgia villa,149
georgia-mae fenton,146
elisabeth seitz,111
jennifer gadirova,168
sanna veerman,330
pauline schäfer,310
ana derek,27
fien enghels,134
barbora mokosova,59
csenge bacskay,97
anny wu,44
shadé van oorschot,341
andy turiski,32
michelle lauritsen,272
margret kristinsdottir,258
marharyta kozlovska,259
diana savelieva,102
gudrun hardardottir,151
elena melke,107
emily moorhead,118
christina vasilopoulou,93
darja elbe,98
lorette charpy,233
tjasa kysselef,368
tijana korent,364
paula raya,308
zoja szekely,403
alissa mörz,18
filipa martins,135
madelen leitner,244
teja belak,359
lucie marikova,235
adela balcova,3
nazli savranbasi,290
luisa maia,239
beatriz lima,60
thais fidelis,360
ana karina mendez,28
abigail magistrati,0
sira macias,347
milagros curti,274
luiza domingues,240
felicitas palmou,133
antonia marihuan,46
maria zuñiga,263
sofia casella,350
paula carvajal,307
diana vasquez,103
kiara delgado,197
amika every,24
tamara ampuero,355
ariana aranibar,49
rafaela oliva,316
fabiana cuneo,131
ximena rengifo,383
annia teran,43
barbara achondo,58
chris centeno,90
lucila estarli,238
leila martinez,217
camille fonseca,74
simone biles,346
shilese jones,343
jessica gadirova,170
rebeca andrade,317
ellie black,114
flavia saraiva,136
manila esposito,256
qiu qiyuan,314
ou yushan,305
mélanie de jesus dos santos,282
leanne wong,214
naomi visser,285
kaylia nemour,194
ondine achampong,304
alice kinsella,14
georgia godwin,145
alice d’amato,13
elisa iorio,110
ana barbosu,26
pauline schäfer,310
lee yunseo,216
alexa moreno,12
sarah voss,336
eythora thorsdottir,130
kishi rina,199
hatakeda chiaki,155
filipa martins,135
morgane osyssek,280
jade barbosa,162
miyata shoko,279
marine boyer,266
aleah finnegan,11
lili czifra,225
zoja szekely,403
ruby pass,324
alba petisco,10
aurélie tran,56
anna lashchevska,38
lena bickel,218
shin solyi,344
hillary heron,158
vera van pol,375
karla navas,187
karina schönmaier,185
laura casabuena,210
caitlin rooskrantz,72
sona artamonova,351
lihie raz,224
lucija hribar,237
andreea preda,31
greta mayer,150
rifda irfanaluthfi,319
erika pinxten,127
jennifer williams,169
tonya paulsson,369
selina kickinger,338
kaia tanskanen,182
natalia escalera,286
halle hilton,154
emelie westlund,116
margaux dandois,257
laia font,207
kylee kvamme,204
celeste mordenti,83
caleigh anders,73
thelma adalsteinsdottir,361
liao yi-chun,223
anny wu,44
bianca frysak,64
milagros curti,274
lai pin-ju,206
bengisu yildiz,61
dildora aripova,104
alice vlkova,15
olivia kelly,301
leni bohle,219
maria tronrud,262
emma slevin,123
naveen daries,288
barbora mokosova,59
zala trtnik,391
lynnzee brown,242
dominika ponizilova,105
ting hua-tien,366
nicole iribarne,292
sevgi kayisoglu,340
camille rasmussen,76
athanasia mesiri,55
lana herrera,209
sandra elsadek,328
mari kanter,260
emma yap,125
madeleine marshall,243
anya pilgrim,47
yiseth valenzuela,387
alais perea,9
olivia vättö,302
ginna escobar,148
margret kristinsdottir,258
nadine joy nathan,283
lucila estarli,238
reece cobb,318
kaja skalska,183
valerija ratobilska,374
ada hautala,1
mafalda costa,246
ana karina mendez,28
aida bauyrzhanova,8
milka gehani,277
ilona krupa,161
makarena pinto,251
jana abdelsalam,164
lahna salem,205
lin yi-chen,229
anastasija ananjeva,30
zhou yaqin,400
yeo seojeong,386
sanna veerman,330
lilia cosman,226
breanna scott,67
julia soares,177
ahtziri sandoval,7
ava stewart,57
lee dayeong,215
zhang qingying,395
cassandra loustalot,81
ana perez,29
fukasawa kokoro,140
emily whitehead,119
jutta verkest,181
garcelle napier,143
elina grawin,109
fien enghels,134
cassie lee,82
nazanin teymurova,289
adeliina siikala,4
joscelyn roberson,175
sabrina voinea,325
georgia-mae fenton,146
arianna belardelli,50
lorette charpy,233
meolie jauch,271
coline devillard,96
ruby evans,323
skye blakely,348
kate mcdonald,188
angela andreoli,35
charlize mörz,85
maellyse brassart,245
lea marie quaas,213
csenge bacskay,97
amalia ghigoarta,20
darya yassinskaya,99
eom dohyun,126
yelizaveta hubareva,385
nikolett szilagyi,294
rose woo,322
brisa carraro,68
leila martinez,217
klara peterkova,200
franchesca santi,137
julie erichsen,179
carina kröll,78
lucie trnkova,236
paulina campos,309
mariana parente,264
marie rønbeck,265
huang zhuofan,160
ashikawa urara,52
sanne wevers,331
sara pinilla,333
bilge tarhan,65
katrina jurevica,192
gulnaz jumabekova,152
magdalini tsiori,247
amina khalimarden,25
tina zelcic,365
lorrane oliveira,234
alva eriksson,19
marta pihan-kulesza,268
angel wong hiu ying,34
jana mahmoud,166
malla montell,254
elvira katsali,115
shanté koti,342
zarith imaan khalid,392
samira gahramanova,327
ameera hariadi,22
derin tanriyasükür,101
tran doan quynh nam,370
simone biles,346
rebeca andrade,317
shilese jones,343
qiu qiyuan,314
alice d’amato,13
eythora thorsdottir,130
alice kinsella,14
kaylia nemour,194
manila esposito,256
mélanie de jesus dos santos,282
kishi rina,199
naomi visser,285
ondine achampong,304
morgane osyssek,280
flavia saraiva,136
ellie black,114
hatakeda chiaki,155
alexa moreno,12
lee yunseo,216
georgia godwin,145
filipa martins,135
sarah voss,336
ana barbosu,26
pauline schäfer,310
lexi zeiss,221
ashlee sullivan,53
nola matthews,297
zoe miller,402
elle mueller,113
joscelyn roberson,175
jordis eichman,174
charlotte booth,86
kaliya lincoln,184
addison fatta,2
katelyn rosen,191
dulcy caylor,106
alicia zhou,16
amelia disidore,23
eveylynn lowe,129
michelle pineda,273
katelyn jong,190
brynn torry,71
levi jung-ruivivar,220
christiane popovich,91
marissa neal,267
kelise woolford,196
brooke pierson,69
amari drayton,21
malea milton,252
annalisa milton,41
chloe cho,89
norah christian,298
gabriella van frayen,142
myli lew,281
skye blakely,348
tiana sumanasekera,363
gabby disidore,141
